<?xml version="1.0" encoding="UTF-8" standalone="yes"?>
<addon id="repository.kodiIsrael" name="kodiIsrael-wizard" version="1.0.0" provider-name="wizard">
	<extension point="xbmc.addon.repository" name="wizard">
		<info compressed="false">https://raw.githubusercontent.com/mediasdk/repowizard/main/addons.xml</info>
		<checksum>https://raw.githubusercontent.com/mediasdk/repowizard/main/addons.xml.md5</checksum>
		<datadir zip="true">https://github.com/mediasdk/repowizard/blob/main/zips/</datadir>
	</extension>
	<extension point="xbmc.addon.metadata">
		<summary>kodiIsrael-wizard</summary>
		<description>kodiIsrael</description>
		<platform>all</platform>
			<assets>
			<icon>icon.png</icon>
			<fanart>fanart.jpg</fanart>
			</assets>
	</extension>
</addon>